,_id,gender,subCategory,articleType,baseColour,productDisplayName,image,price
0,63d7c05221c499a3844d8f48,Men,Topwear,Shirts,Navy Blue,Turtle Check Men Navy Blue Shirt,http://assets.myntassets.com/v1/images/style/properties/7a5b82d1372a7a5c6de67ae7a314fd91_images.jpg,200
1,63d7c05221c499a3844d8f49,Men,Bottomwear,Jeans,Blue,Peter England Men Party Blue Jeans,http://assets.myntassets.com/v1/images/style/properties/4850873d0c417e6480a26059f83aac29_images.jpg,200
2,63d7c05221c499a3844d8f4a,Women,Watches,Watches,Silver,Titan Women Silver Watch,http://assets.myntassets.com/v1/images/style/properties/Titan-Women-Silver-Watch_b4ef04538840c0020e4829ecc042ead1_images.jpg,200
3,63d7c05221c499a3844d8f4b,Men,Bottomwear,Track Pants,Black,Manchester United Men Solid Black Track Pants,http://assets.myntassets.com/v1/images/style/properties/8153dc35d9a5420eeb93922067137db6_images.jpg,200
4,63d7c05221c499a3844d8f4c,Men,Topwear,Tshirts,Grey,Puma Men Grey T-shirt,http://assets.myntassets.com/v1/images/style/properties/Puma-Men-Grey-T-shirt_32668f8a61454d0cc028a808cf21b383_images.jpg,200
5,63d7c05221c499a3844d8f4d,Men,Topwear,Tshirts,Grey,Inkfruit Mens Chain Reaction T-shirt,http://assets.myntassets.com/v1/images/style/properties/9c1b19682ecf926c296f520d5d6e0972_images.jpg,200
6,63d7c05221c499a3844d8f4e,Men,Topwear,Shirts,Green,Fabindia Men Striped Green Shirt,http://assets.myntassets.com/v1/images/style/properties/06e9d4231254fdb2c7fe967ad413ad7b_images.jpg,200
7,63d7c05221c499a3844d8f4f,Women,Topwear,Shirts,Purple,Jealous 21 Women Purple Shirt,http://assets.myntassets.com/v1/images/style/properties/45ddbc6a15140556214e15923244755b_images.jpg,200
8,63d7c05221c499a3844d8f50,Men,Socks,Socks,Navy Blue,Puma Men Pack of 3 Socks,http://assets.myntassets.com/v1/images/style/properties/4ca8848ab441378a392d9d5bf0b0f3c7_images.jpg,200
9,63d7c05221c499a3844d8f51,Men,Watches,Watches,Black,Skagen Men Black Watch,http://assets.myntassets.com/v1/images/style/properties/Skagen-Men-Black-Watch_4982b2b1a76a85a85c9adc8b4b2d523a_images.jpg,200
10,63d7c05221c499a3844d8f52,Men,Shoes,Casual Shoes,Black,Puma Men Future Cat Remix SF Black Casual Shoes,http://assets.myntassets.com/v1/images/style/properties/051d64772f1b38ff476fbf0a807f365a_images.jpg,200
11,63d7c05221c499a3844d8f53,Women,Belts,Belts,Black,Fossil Women Black Huarache Weave Belt,http://assets.myntassets.com/v1/images/style/properties/8eee4563e14cf451b07f27761fd6535f_images.jpg,200
12,63d7c05221c499a3844d8f54,Men,Flip Flops,Flip Flops,Black,Fila Men Cush Flex Black Slippers,http://assets.myntassets.com/v1/images/style/properties/53690e3f396f411e184b249672d6ebae_images.jpg,200
13,63d7c05221c499a3844d8f55,Women,Bags,Handbags,Blue,Murcia Women Blue Handbag,http://assets.myntassets.com/v1/images/style/properties/Murcia-Women-Blue-Handbag_13cfaff26872c298112a8e7da15c1e1d_images.jpg,200
14,63d7c05221c499a3844d8f56,Boys,Flip Flops,Flip Flops,Navy Blue,Ben 10 Boys Navy Blue Slippers,http://assets.myntassets.com/v1/images/style/properties/5cab6a2305d0e63142f721228aa6d293_images.jpg,200
15,63d7c05221c499a3844d8f57,Men,Topwear,Shirts,Purple,Reid & Taylor Men Check Purple Shirts,http://assets.myntassets.com/v1/images/style/properties/8bc9be576081baae77e8561b1132288f_images.jpg,200
16,63d7c05221c499a3844d8f58,Men,Watches,Watches,Black,Police Men Black Dial Watch PL12889JVSB,http://assets.myntassets.com/v1/images/style/properties/Police-Men-Black-Dial-Watch_5bd8cae4fc61052a6f00cfcd69c4a936_images.jpg,200
17,63d7c05221c499a3844d8f59,Girls,Topwear,Tops,White,Gini and Jony Girls Knit White Top,http://assets.myntassets.com/v1/images/style/properties/f3964f76c78edd85f4512d98b26d52e9_images.jpg,200
18,63d7c05221c499a3844d8f5a,Women,Innerwear,Bra,Beige,Bwitch Beige Full-Coverage Bra BW335,http://assets.myntassets.com/v1/image/style/properties/51832/Bwitch-Beige-Full-Coverage-Bra-BW335_1_d516fa94f14f0a5ecc90df7754390eb5.jpg,200
19,63d7c05221c499a3844d8f5b,Women,Bags,Handbags,Brown,Baggit Women Brown Handbag,http://assets.myntassets.com/v1/images/style/properties/b14c7bf275c6edca3e849200fb7cbf6c_images.jpg,200
20,63d7c05221c499a3844d8f5c,Men,Watches,Watches,Black,CASIO G-Shock Men Black Digital Watch G-7710-1DR G223,http://assets.myntassets.com/assets/images/17429/2018/3/5/11520250143953-CASIO-G-Shock-Men-Black-Digital-Watch-G223-8211520250143786-1.jpg,200
21,63d7c05221c499a3844d8f5d,Men,Sandal,Sandals,Black,Ganuchi Men Casual Black Sandals,http://assets.myntassets.com/v1/images/style/properties/b23f1e70aec0102c360fb9dfdc476023_images.jpg,200
22,63d7c05221c499a3844d8f5e,Men,Topwear,Shirts,Green,Scullers Men  Green Check Shirt,http://assets.myntassets.com/v1/images/style/properties/9b2dc2cfc35d37aee2f4d46532384605_images.jpg,200
23,63d7c05221c499a3844d8f5f,Women,Bags,Handbags,Brown,Rocky S Women Brown Handbag,http://assets.myntassets.com/v1/images/style/properties/Rocky-S-Women-Brown-Handbag_5b44f798c0d6b84b00ae5a6316d931af_images.jpg,200
24,63d7c05221c499a3844d8f60,Men,Topwear,Shirts,Red,Levis Men Check Red Shirts,http://assets.myntassets.com/v1/images/style/properties/9584fab8cde60a77e797973020e5c91d_images.jpg,200
25,63d7c05221c499a3844d8f61,Women,Topwear,Tops,Blue,Lee Women Paula Blue Top,http://assets.myntassets.com/v1/images/style/properties/5b427e7381af213df2d54a17cd193aea_images.jpg,200
26,63d7c05221c499a3844d8f62,Men,Topwear,Shirts,Black,United Colors of Benetton Men Short Black Shirts,http://assets.myntassets.com/v1/images/style/properties/47e0bf9f4a04bd6f5901c0f4fc65e54d_images.jpg,200
27,63d7c05221c499a3844d8f63,Girls,Topwear,Tops,Blue,Gini and Jony Girls Pretty Blossom Blue Top,http://assets.myntassets.com/v1/images/style/properties/fc3c1b46906d5c148c45f532d0b3ffb5_images.jpg,200
28,63d7c05221c499a3844d8f64,Unisex,Watches,Watches,Black,ADIDAS Unisex Response ST Analogue Black Watch,http://assets.myntassets.com/v1/images/style/properties/d63e1260ab9823cd64cbe4336a5bb94d_images.jpg,200
29,63d7c05221c499a3844d8f65,Men,Shoes,Sports Shoes,Black,Lotto Men Atlantica Black Sports Shoe,http://assets.myntassets.com/v1/images/style/properties/1279efc8b61fb461a804f0c1f82f276b_images.jpg,200
30,63d7c05221c499a3844d8f66,Men,Bottomwear,Track Pants,Navy Blue,ADIDAS Men Solid Navy Blue Track Pant,http://assets.myntassets.com/v1/images/style/properties/98252134c6398e50aeebd873e6eafceb_images.jpg,200
31,63d7c05221c499a3844d8f67,Men,Shoes,Sports Shoes,Black,Puma Men's YugoRun Black White Shoe,http://assets.myntassets.com/v1/images/style/properties/fae0ae76d008674551fbdbb64988ea51_images.jpg,200
32,63d7c05221c499a3844d8f68,Men,Topwear,Shirts,Red,Locomotive Men Check Red Shirt,http://assets.myntassets.com/v1/images/style/properties/e87ae94ffdf37c089daaad8d451f6995_images.jpg,200
33,63d7c05221c499a3844d8f69,Men,Topwear,Shirts,Purple,Scullers Men Scul Purple White Shirt,http://assets.myntassets.com/v1/images/style/properties/11dcaeada4fab2e575c449e922425c5d_images.jpg,200
34,63d7c05221c499a3844d8f6a,Men,Topwear,Shirts,Blue,Basics Men Blue Slim Fit Checked Shirt,http://assets.myntassets.com/v1/images/style/properties/2811fe105e63b5795a6442edb85bb6cd_images.jpg,200
35,63d7c05221c499a3844d8f6b,Women,Topwear,Tops,Blue,Scullers For Her Women Blue Top,http://assets.myntassets.com/v1/images/style/properties/018b322355f8a44f117488fee256049c_images.jpg,200
36,63d7c05221c499a3844d8f6c,Men,Topwear,Shirts,Green,Flying Machine Men Check Green Shirts,http://assets.myntassets.com/v1/images/style/properties/6934c2d1bc11313536fd82a1192a1d33_images.jpg,200
37,63d7c05221c499a3844d8f6d,Men,Flip Flops,Flip Flops,Grey,Puma Men's Winglet II Grey Yellow White Flip Flop,http://assets.myntassets.com/v1/images/style/properties/9473ae18face7603f7bdb4b6fda3d8e2_images.jpg,200
38,63d7c05221c499a3844d8f6e,Men,Bottomwear,Jeans,Blue,Locomotive Men Washed Blue Jeans,http://assets.myntassets.com/v1/images/style/properties/6cb6a14583b044dca0a0bd9efc2fc4c7_images.jpg,200
39,63d7c05221c499a3844d8f6f,Women,Watches,Watches,Silver,Helix Women Silver Dial Watch,http://assets.myntassets.com/v1/images/style/properties/Helix-Women-Silver-Dial-Watch_43fa66002d9a709539eb6ff7ed9384ce_images.jpg,200
40,63d7c05221c499a3844d8f70,Women,Wallets,Wallets,Coffee Brown,United Colors of Benetton Women Solid Coffee Brown Wallets,http://assets.myntassets.com/v1/images/style/properties/90a495f259d10b2ff562dc0841721f7d_images.jpg,200
41,63d7c05221c499a3844d8f71,Men,Socks,Socks,Grey,Lino Perros Men Pack of 2 Socks,http://assets.myntassets.com/v1/images/style/properties/c572452716fa31fb03fa32d43629e335_images.jpg,200
42,63d7c05221c499a3844d8f72,Men,Topwear,Shirts,Navy Blue,Indigo Nation Men Checks Shirt Navy Blue Shirts,http://assets.myntassets.com/v1/images/style/properties/91351f3c000928d10198c09cfa04611b_images.jpg,200
43,63d7c05221c499a3844d8f73,Men,Bottomwear,Jeans,Blue,Lee Men Blue Chicago Fit Jeans,http://assets.myntassets.com/v1/images/style/properties/cd76a36fca88fe74d1d25ee7fd96881a_images.jpg,200
44,63d7c05221c499a3844d8f74,Men,Topwear,Tshirts,Black,United Colors of Benetton Men Black T-shirt,http://assets.myntassets.com/v1/images/style/properties/7806d266865c89cb087a259ab7250e01_images.jpg,200
45,63d7c05221c499a3844d8f75,Women,Topwear,Tops,Pink,Sepia Women Pink Top,http://assets.myntassets.com/v1/images/style/properties/e0da05b38a2fe03cace0a8fbddc65006_images.jpg,200
46,63d7c05221c499a3844d8f76,Women,Topwear,Shirts,Blue,Arrow Woman Blue Shirt,http://assets.myntassets.com/v1/images/style/properties/2b2bb303e1b844960d62d84888b226e0_images.jpg,200
47,63d7c05221c499a3844d8f77,Men,Bottomwear,Jeans,Black,Peter England Men Party Black Jeans,http://assets.myntassets.com/v1/images/style/properties/78bf924de236777a9bc6662b076449e4_images.jpg,200
48,63d7c05221c499a3844d8f78,Men,Topwear,Tshirts,Navy Blue,U.S. Polo Assn. Men Solid Navy Blue Tshirt,http://assets.myntassets.com/v1/images/style/properties/4dcc3b32e48ebb49502a3384edff6ccf_images.jpg,200
49,63d7c05221c499a3844d8f79,Men,Watches,Watches,White,Fastrack Men White Dial Watch,http://assets.myntassets.com/v1/images/style/properties/0eb97e007901b52825760ea05ab73f09_images.jpg,200
50,63d7c05221c499a3844d8f7a,Men,Topwear,Tshirts,Maroon,French Connection Men Maroon T-shirt,http://assets.myntassets.com/v1/images/style/properties/e12348ff6e8ce788a82060aa7bbd55f6_images.jpg,200
51,63d7c05221c499a3844d8f7b,Women,Topwear,Shirts,Teal,Jealous 21 Women Teal Shirt,http://assets.myntassets.com/v1/images/style/properties/Jealous-21-Women-Teal-Shirt_33d3c1ebfd4326101c5d138dbef83c65_images.jpg,200
52,63d7c05221c499a3844d8f7c,Women,Topwear,Shirts,Purple,United Colors of Benetton Women Purple Shirt,http://assets.myntassets.com/v1/images/style/properties/7f98a5ed0ace114dd53496079ebf66be_images.jpg,200
53,63d7c05221c499a3844d8f7d,Men,Shoes,Formal Shoes,Black,Carlton London Men Black Oxford Wingtip Brogues,http://assets.myntassets.com/v1/images/style/properties/f1d954cfacfc79f32325794d43b6c3a0_images.jpg,200
54,63d7c05221c499a3844d8f7e,Girls,Topwear,Tops,Pink,Gini and Jony Girls Pretty Blossom Pink Top,http://assets.myntassets.com/v1/images/style/properties/1397081a5a637d539b0197aae4a6855e_images.jpg,200
55,63d7c05221c499a3844d8f7f,Women,Innerwear,Bra,White,Peri Peri Women White Bra,http://assets.myntassets.com/v1/images/style/properties/Peri-Peri-Women-White-Bra_e94a285c2c2dfc0ab742eda172d0e2c3_images.jpg,200
56,63d7c05221c499a3844d8f80,Men,Topwear,Shirts,Green,Locomotive Men Checked Green Shirt,http://assets.myntassets.com/v1/images/style/properties/69b55593f043e59513642eeea29a737b_images.jpg,200
57,63d7c05221c499a3844d8f81,Men,Shoes,Sports Shoes,Grey,Nike Men Lunarswift+ 3 Shield Grey Sports Shoes,http://assets.myntassets.com/v1/images/style/properties/9854a566783e31b6172f1deab77281fa_images.jpg,200
58,63d7c05221c499a3844d8f82,Women,Topwear,Tops,Navy Blue,Lee Women Katie Navy Blue Top,http://assets.myntassets.com/v1/images/style/properties/440c755b5bf8e95bd75d3a8b511f96da_images.jpg,200
59,63d7c05221c499a3844d8f83,Men,Shoes,Sports Shoes,Black,Nike Men's Lunarswift Black Shoe,http://assets.myntassets.com/v1/images/style/properties/f23c4d59eb6ca3cd621c3db690e0c708_images.jpg,200
60,63d7c05221c499a3844d8f84,Men,Topwear,Tshirts,Navy Blue,Classic Polo Men Printed Navy Blue T-shirt,http://assets.myntassets.com/v1/images/style/properties/ea3f97ed1d89b449b782c01da33591b3_images.jpg,200
61,63d7c05221c499a3844d8f85,Men,Topwear,Shirts,Black,Levis Men Check Black Shirts,http://assets.myntassets.com/v1/images/style/properties/c7118251a3a216f7667ba45f8f621ccc_images.jpg,200
62,63d7c05221c499a3844d8f86,Women,Innerwear,Bra,Black,Lovable Women All Day Long Black Bra,http://assets.myntassets.com/v1/images/style/properties/37da655b48ef258563ea85941746348b_images.jpg,200
63,63d7c05221c499a3844d8f87,Men,Topwear,Tshirts,Grey,Puma Men Puma runhard tee Grey Tshirts,http://assets.myntassets.com/v1/images/style/properties/821d377e49f3aa198c1937e9793099a6_images.jpg,200
64,63d7c05221c499a3844d8f88,Men,Shoes,Formal Shoes,Black,Franco Leone Men Formal Shoes,http://assets.myntassets.com/v1/images/style/properties/851760e82d34ebdc4b38d0dcd399e3f2_images.jpg,200
65,63d7c05221c499a3844d8f89,Men,Topwear,Tshirts,Pink,Mr.Men Men's Mr.Mischief Pink T-shirt,http://assets.myntassets.com/v1/images/style/properties/9972e0224ec65fe016e2703e8576475a_images.jpg,200
66,63d7c05221c499a3844d8f8a,Men,Topwear,Tshirts,White,Basics Men White T-shirt,http://assets.myntassets.com/v1/images/style/properties/Basics-Men-White-T-shirt_09fac0ea8036d4de33ceec2351630e04_images.jpg,200
67,63d7c05221c499a3844d8f8b,Men,Sandal,Sandals,Black,Decathlon Men Arpenaz Black Sandals,http://assets.myntassets.com/v1/images/style/properties/11371998e15f21cf032b30fdba5e972c_images.jpg,200
68,63d7c05221c499a3844d8f8c,Men,Topwear,Tshirts,Green,Arrow Sport Men Solid Green Polo Tshirts,http://assets.myntassets.com/v1/images/style/properties/8ecd514f28da61172ad5a38e58079315_images.jpg,200
69,63d7c05221c499a3844d8f8d,Girls,Topwear,Tshirts,Yellow,Disney Kids Girl's Summer Fun Fair Yellow Teen Kidswear,http://assets.myntassets.com/v1/images/style/properties/1109685531795f17aca2acaba2ab39ad_images.jpg,200
70,63d7c05221c499a3844d8f8e,Men,Topwear,Shirts,Cream,Reid & Taylor Men Solid Cream Shirts,http://assets.myntassets.com/v1/images/style/properties/61cb9703bb506a0b9671988c015ac432_images.jpg,200
71,63d7c05221c499a3844d8f8f,Men,Topwear,Shirts,Green,Indigo Nation Men Checks Green Shirts,http://assets.myntassets.com/v1/images/style/properties/85a672861b73e66b706c36c53bf17166_images.jpg,200
72,63d7c05221c499a3844d8f90,Men,Shoes,Sports Shoes,Black,Fila Men Glow Black Sports Shoes,http://assets.myntassets.com/v1/images/style/properties/4bfce78151c396213aa4ce1ad204468b_images.jpg,200
73,63d7c05221c499a3844d8f91,Women,Bags,Handbags,Beige,Lino Perros Women Solid Beige Handbag,http://assets.myntassets.com/v1/images/style/properties/24297ac545ea122a3c333be495b7b5cd_images.jpg,200
74,63d7c05221c499a3844d8f92,Men,Topwear,Shirts,Black,Scullers Men Black Check Shirt,http://assets.myntassets.com/v1/images/style/properties/c9748ec8d7ce34ecbc57c1a0e3cc28cd_images.jpg,200
75,63d7c05221c499a3844d8f93,Unisex,Bags,Messenger Bag,Grey,Wildcraft Unisex Grey Printed Messenger Bag,http://assets.myntassets.com/v1/images/style/properties/Wildcraft-Unisex-Outdoor-Jinx-Grey-Bag_4676a6bac7ccdde9216aa50c23cc4295_images.jpg,200
76,63d7c05221c499a3844d8f94,Men,Topwear,Shirts,Blue,John Players Men Check Blue Shirt,http://assets.myntassets.com/v1/images/style/properties/246ce1a949142a850ad580a014831782_images.jpg,200
77,63d7c05221c499a3844d8f95,Men,Topwear,Tshirts,Black,U.S. Polo Assn. Men Solid Black  polo Tshirt,http://assets.myntassets.com/v1/images/style/properties/55878488c3dc46bc4407a383fea649ba_images.jpg,200
78,63d7c05221c499a3844d8f96,Men,Shoes,Casual Shoes,Black,Timberland Men Black Casual Shoes,http://assets.myntassets.com/v1/images/style/properties/5863961b3510970c2e31d466af69b32b_images.jpg,200
79,63d7c05221c499a3844d8f97,Women,Topwear,Tops,Purple,Sepia Women Purple Top,http://assets.myntassets.com/v1/images/style/properties/0c065355d66e08df89726a61a839a248_images.jpg,200
80,63d7c05221c499a3844d8f98,Women,Watches,Watches,White,Q&Q Women White Dial Watch,http://assets.myntassets.com/v1/images/style/properties/Q-Q-Women-White-Dial-Watch_0cecd11e3c157ea36fcd2ea525d5496c_images.jpg,200
81,63d7c05221c499a3844d8f99,Men,Topwear,Tshirts,Blue,Mark Taylor Men Printed Blue T-shirt,http://assets.myntassets.com/v1/images/style/properties/33a4f23ed9e1dc05e97ea94ab4809301_images.jpg,200
82,63d7c05221c499a3844d8f9a,Men,Topwear,Shirts,Blue,Flying Machine Men Ydc Blue Shirts,http://assets.myntassets.com/v1/images/style/properties/b77929d59d81689e660446586e5e8dc3_images.jpg,200
83,63d7c05221c499a3844d8f9b,Men,Bottomwear,Jeans,Black,Peter England Men Black Jeans,http://assets.myntassets.com/v1/images/style/properties/5a1df9ac28930032d37b9fa4cf5102e6_images.jpg,200
84,63d7c05221c499a3844d8f9c,Men,Watches,Watches,Silver,SKAGEN DENMARK Men Silver-Toned Dial Watch 233LSS,http://assets.myntassets.com/v1/images/style/properties/Skagen-Men-Silver-Dial-Watch_6740c9a4f54c666024ca6f230661c209_images.jpg,200
85,63d7c05221c499a3844d8f9d,Men,Shoes,Casual Shoes,Black,Playboy Men Black Shoes,http://assets.myntassets.com/v1/images/style/properties/18ecb9a34ecd356d39bc6f15b87fe64c_images.jpg,200
86,63d7c05221c499a3844d8f9e,Women,Bags,Clutches,Black,Murcia Women Casual Black Clutch,http://assets.myntassets.com/v1/images/style/properties/Murcia-Women-Casual-Black-Clutch_798bff33cb89c8f93140b8e22290e7c1_images.jpg,200
87,63d7c05221c499a3844d8f9f,Women,Topwear,Sweatshirts,Pink,Urban Yoga Women Solid Pink Sweatshirts,http://assets.myntassets.com/v1/images/style/properties/080c049630e5a1031def1f9733dd502a_images.jpg,200
88,63d7c05221c499a3844d8fa0,Men,Shoes,Casual Shoes,Brown,ADIDAS Men Brown Shoes,http://assets.myntassets.com/v1/images/style/properties/b676624ef006e153f4ac61d5a70d31d8_images.jpg,200
89,63d7c05221c499a3844d8fa1,Women,Topwear,Tops,Black,United Colors of Benetton Women Solid Black Tops,http://assets.myntassets.com/v1/images/style/properties/5dd9bc64a38b34742fd72c58798e2247_images.jpg,200
90,63d7c05221c499a3844d8fa2,Women,Innerwear,Bra,Black,Peri Peri Women Black Bra,http://assets.myntassets.com/v1/images/style/properties/Peri-Peri-Women-Black-Bra_1a526d0d60b1452f80c43adf2e86cbfe_images.jpg,200
91,63d7c05221c499a3844d8fa3,Men,Topwear,Shirts,Maroon,Scullers Men Solid Maroon Shirts,http://assets.myntassets.com/v1/images/style/properties/704ffb8c6c7bad843aaf5423eedc1b80_images.jpg,200
92,63d7c05221c499a3844d8fa4,Men,Topwear,Tshirts,Blue,Basics Men Blue Polo T-shirt,http://assets.myntassets.com/v1/images/style/properties/8e273ddc56bbc75b9706e860dd0dcdb3_images.jpg,200
93,63d7c05221c499a3844d8fa5,Women,Topwear,Jackets,Black,Forever New Women Long Black Jacket,http://assets.myntassets.com/v1/images/style/properties/dc32ed33c6d783860dc7b5e9f992c812_images.jpg,200
94,63d7c05221c499a3844d8fa6,Men,Topwear,Tshirts,Navy Blue,Mr.Men Men's Mr.Busy Navy T-shirt,http://assets.myntassets.com/v1/images/style/properties/1aa3626f05339e3d6cd1a91c895dedda_images.jpg,200
95,63d7c05221c499a3844d8fa7,Men,Shoes,Casual Shoes,Black,Fila Men Paramount Plus Black Shoes,http://assets.myntassets.com/v1/images/style/properties/f082906efcf97934d09f2bdd2906909b_images.jpg,200
96,63d7c05221c499a3844d8fa8,Women,Topwear,Shirts,Lavender,Arrow Woman Lavender Shirt,http://assets.myntassets.com/v1/images/style/properties/b6d14ed28d8e41421827515783d436c3_images.jpg,200
97,63d7c05221c499a3844d8fa9,Men,Shoes,Casual Shoes,Black,Numero Uno Men Black Casual Shoes,http://assets.myntassets.com/v1/images/style/properties/efef30c05460e90a1e170998dde8f92c_images.jpg,200
98,63d7c05221c499a3844d8faa,Men,Topwear,Shirts,Grey,United Colors of Benetton Men Grey Shirt,http://assets.myntassets.com/v1/images/style/properties/2f2c6dcff00bf8d1a66fe284c2e92182_images.jpg,200
99,63d7c05221c499a3844d8fab,Men,Topwear,Tshirts,Blue,Flying Machine Men Blue Polo Tshirts,http://assets.myntassets.com/v1/images/style/properties/9e1e09898d71cb1e3cb46a232eda4617_images.jpg,200
100,63d7c05221c499a3844d8fac,Men,Topwear,Tshirts,Green,U.S. Polo Assn. Men Solid Green Tshirt,http://assets.myntassets.com/v1/images/style/properties/41b8c79966d01c7427527372924fe532_images.jpg,200
101,63d7c05221c499a3844d8fad,Men,Topwear,Shirts,Black,Reid & Taylor Men Solid Black Shirts,http://assets.myntassets.com/v1/images/style/properties/7fac54922fb61e254770e27851f03bae_images.jpg,200
102,63d7c05221c499a3844d8fae,Men,Flip Flops,Flip Flops,Black,Rockport Men Jelbalp Black Flip Flops,http://assets.myntassets.com/v1/images/style/properties/717a23d80631d14e60bbc954b06c5fb6_images.jpg,200
103,63d7c05221c499a3844d8faf,Men,Topwear,Shirts,Blue,Indigo Nation Men Checks Blue Shirts,http://assets.myntassets.com/v1/images/style/properties/5824da2955055c4b2893259393ebac06_images.jpg,200
104,63d7c05221c499a3844d8fb0,Men,Topwear,Tshirts,Blue,Locomotive Men Printed Blue T-shirt,http://assets.myntassets.com/v1/images/style/properties/492e209292dd6cadd3527ad8332ff41b_images.jpg,200
105,63d7c05221c499a3844d8fb1,Men,Topwear,Tshirts,Grey,Proline Men Grey T-shirt,http://assets.myntassets.com/v1/images/style/properties/45b559dbabfc2d8159d2f81de7722e24_images.jpg,200
106,63d7c05221c499a3844d8fb2,Men,Bottomwear,Jeans,Blue,Lee Men Elvira Rinse Blue Chicago Fit Jeans,http://assets.myntassets.com/v1/images/style/properties/73c2b0fbfaa86d7a08b668b2e045a455_images.jpg,200
107,63d7c05221c499a3844d8fb3,Men,Bottomwear,Jeans,Blue,Locomotive Men Washed Blue Jeans,http://assets.myntassets.com/v1/images/style/properties/e656ae2dd568fa7089754f481e93aa03_images.jpg,200
108,63d7c05221c499a3844d8fb4,Men,Topwear,Tshirts,Blue,United Colors of Benetton Men Solid Blue Polo Tshirts,http://assets.myntassets.com/v1/images/style/properties/7d8309d08f2b0a596e0aead25616f5f6_images.jpg,200
109,63d7c05221c499a3844d8fb5,Women,Watches,Watches,Silver,Tommy Hilfiger Women Silver-Toned Dial  Watch TH1780453-D,http://assets.myntassets.com/v1/images/style/properties/Tommy-Hilfiger-Women-Silver-Dial-Watch_abe6324c8d398904ee9577db8ac79dad_images.jpg,200
110,63d7c05221c499a3844d8fb6,Men,Flip Flops,Flip Flops,Black,Lotto Men Black Koro G Slippers,http://assets.myntassets.com/v1/images/style/properties/Lotto-Men-Black-Koro-G-Slippers_a34db65a450a3a80fccb61f5fe41b549_images.jpg,200
111,63d7c05221c499a3844d8fb7,Men,Topwear,Tshirts,Blue,Flying Machine Men Solid Blue Polo Tshirts,http://assets.myntassets.com/v1/images/style/properties/02af1474655c147cf5e825e40e164bb7_images.jpg,200
112,63d7c05221c499a3844d8fb8,Women,Free Gifts,Free Gifts,White,Morellato Women White Dial Watch,http://assets.myntassets.com/v1/images/style/properties/Morellato-Women-White-Dial-Watch_b1fdec55c4180f3656468968f0c8e203_images.jpg,200
113,63d7c05221c499a3844d8fb9,Unisex,Accessories,Travel Accessory,Red,ADIDAS Unisex Red Organizer Bag,http://assets.myntassets.com/v1/images/style/properties/4b084c2ec8c06aee759ddc3d93c57f09_images.jpg,200
114,63d7c05221c499a3844d8fba,Men,Topwear,Shirts,Brown,Denizen Men Check Brown Shirt,http://assets.myntassets.com/v1/images/style/properties/2f2060a1d29361249690a5cdc388d30e_images.jpg,200
115,63d7c05221c499a3844d8fbb,Men,Shoes,Casual Shoes,Black,United Colors of Benetton Men Black Shoes,http://assets.myntassets.com/v1/images/style/properties/bb19253f1f8bce9a8ef77375cd346016_images.jpg,200
116,63d7c05221c499a3844d8fbc,Men,Socks,Socks,Blue,Reid & Taylor Men Blue Socks,http://assets.myntassets.com/v1/images/style/properties/Reid---Taylor-Men-Blue-Socks_af892516380ff395f0b3ca298468a535_images.jpg,200
117,63d7c05221c499a3844d8fbd,Women,Topwear,Tops,Lavender,s.Oliver Women Faded Lilac Top,http://assets.myntassets.com/v1/images/style/properties/cf0cd81b8e04a4bbf9246bcdee1f179f_images.jpg,200
118,63d7c05221c499a3844d8fbe,Unisex,Socks,Socks,White,ADIDAS Unisex Pack of 3 Socks,http://assets.myntassets.com/v1/images/style/properties/fde17318ac6a6bbe42c654aad4399f4e_images.jpg,200
119,63d7c05221c499a3844d8fbf,Men,Topwear,Shirts,Black,Scullers Men Black Shirt,http://assets.myntassets.com/v1/images/style/properties/76c2c7156c4514c8eb5ddfcee61a1a95_images.jpg,200
120,63d7c05221c499a3844d8fc0,Women,Wallets,Wallets,Pink,Puma Woman Pink Big Cat Wallet,http://assets.myntassets.com/v1/images/style/properties/e18462a602f14d423736b52ec1551639_images.jpg,200
121,63d7c05221c499a3844d8fc1,Women,Topwear,Tshirts,White,Nike Women As Trophy Swo White T-Shirts,http://assets.myntassets.com/v1/images/style/properties/54315bd731592e29d830218599d0a974_images.jpg,200
122,63d7c05221c499a3844d8fc2,Men,Bottomwear,Jeans,Grey,Locomotive Men Washed Grey Jeans,http://assets.myntassets.com/v1/images/style/properties/011e7c29b1e76aae12a3e266281e2858_images.jpg,200
123,63d7c05221c499a3844d8fc3,Men,Topwear,Shirts,Navy Blue,Basics Men Navy Slim Fit Checked Shirt,http://assets.myntassets.com/v1/images/style/properties/52cf18eacd56e4eecce07b23910205f1_images.jpg,200
124,63d7c05221c499a3844d8fc4,Women,Bags,Handbags,Pink,Murcia Women Pink Handbag,http://assets.myntassets.com/v1/images/style/properties/Murcia-Women-Pink-Handbag97ef396812d4243422f3ba3eb22404f4_images.jpg,200
125,63d7c05221c499a3844d8fc5,Unisex,Bags,Backpacks,Blue,ADIDAS Classic Blue White Backpack,http://assets.myntassets.com/v1/images/style/properties/98bc1481404eefbc12b2cdd78b43fc9a_images.jpg,200
126,63d7c05221c499a3844d8fc6,Men,Shoes,Sports Shoes,Black,Fila Men's Victory Black Shoe,http://assets.myntassets.com/v1/images/style/properties/3090de677a92eb346719f0632e939062_images.jpg,200
127,63d7c05221c499a3844d8fc7,Men,Topwear,Tshirts,Purple,Proline Men Purple Polo T-shirt,http://assets.myntassets.com/v1/images/style/properties/01e962844e68a39880211e7ba3a43a7c_images.jpg,200
128,63d7c05221c499a3844d8fc8,Women,Free Gifts,Free Gifts,Blue,Aspen Women Blue Dial Watch,http://assets.myntassets.com/v1/images/style/properties/939c882f33e24ebe570b8708e16046d9_images.jpg,200
129,63d7c05221c499a3844d8fc9,Men,Topwear,Shirts,Blue,Flying Machine Men Check Blue Shirts,http://assets.myntassets.com/v1/images/style/properties/c2984f58de4e666b5a3fe6a3b8e36f23_images.jpg,200
130,63d7c05221c499a3844d8fca,Men,Shoes,Casual Shoes,Black,Globalite Men Black Sparta Shoes,http://assets.myntassets.com/v1/images/style/properties/32b930343fffe258bcdf6ab9363bb24e_images.jpg,200
131,63d7c05221c499a3844d8fcb,Men,Shoes,Sports Shoes,Black,Puma Men Drift Cat III CF Black Sports Shoes,http://assets.myntassets.com/v1/images/style/properties/b0f6e40ac38b85e949721b079891659f_images.jpg,200
132,63d7c05221c499a3844d8fcc,Women,Topwear,Tshirts,White,Gini and Jony Girl's Viona Pack of 3 Tee Kidswear,http://assets.myntassets.com/v1/images/style/properties/a8bf405400eec5130c056452d20ba104_images.jpg,200
133,63d7c05221c499a3844d8fcd,Women,Shoes,Casual Shoes,Black,Nike Women Double Team Lite Black Shoes,http://assets.myntassets.com/v1/images/style/properties/c12db15b9443c0d5180bfd8ed70cf71e_images.jpg,200
134,63d7c05221c499a3844d8fce,Men,Topwear,Shirts,Black,Scullers Men Scul White & Red Shirt,http://assets.myntassets.com/v1/images/style/properties/aae2b9f9d775f4840c2984ffcb370f3d_images.jpg,200
135,63d7c05221c499a3844d8fcf,Men,Topwear,Shirts,Blue,Arrow Men Blue Striped Shirt,http://assets.myntassets.com/v1/images/style/properties/7d8d482713ec3ae6fd651599bca43a8b_images.jpg,200
136,63d7c05221c499a3844d8fd0,Men,Shoes,Formal Shoes,Black,Lee Cooper Men Nnado Black Formal Shoes,http://assets.myntassets.com/v1/images/style/properties/ef183787311e4d8e9f33dcf3ceff9102_images.jpg,200
137,63d7c05221c499a3844d8fd1,Men,Shoes,Casual Shoes,Black,Skechers Men's Striking Black Shoe,http://assets.myntassets.com/v1/images/style/properties/7ab6c782cf6156d10037f737cc34e1f0_images.jpg,200
138,63d7c05221c499a3844d8fd2,Men,Topwear,Shirts,Navy Blue,Scullers Men Scul Blue Shirts,http://assets.myntassets.com/v1/images/style/properties/eb4f7552fb100853af1645329b27d5c6_images.jpg,200
139,63d7c05221c499a3844d8fd3,Men,Bottomwear,Jeans,Blue,French Connection Men Blue Jeans,http://assets.myntassets.com/v1/images/style/properties/French-Connection-Men-Blue-Jeans_d715338997b800fead88e914cbdeca14_images.jpg,200
140,63d7c05221c499a3844d8fd4,Women,Innerwear,Bra,Pink,Enamor Petal Pink Bra,http://assets.myntassets.com/v1/images/style/properties/1bbd6a03afd58770d90cd55dfa375da2_images.jpg,200
141,63d7c05221c499a3844d8fd5,Men,Shoes,Casual Shoes,Black,Vans Men Classic Slip-On Black Shoes,http://assets.myntassets.com/v1/images/style/properties/0e41c416bc349faead7ebe8851e1a398_images.jpg,200
142,63d7c05221c499a3844d8fd6,Men,Topwear,Shirts,Red,Indigo Nation Men Checks Red Shirts,http://assets.myntassets.com/v1/images/style/properties/1c08078104bd5c3acd6cb0a872ded330_images.jpg,200
143,63d7c05221c499a3844d8fd7,Boys,Topwear,Tshirts,Green,Gini and Jony Boys United Green T-shirt,http://assets.myntassets.com/v1/images/style/properties/76787f70a91d57f216c5f01ac354482c_images.jpg,200
144,63d7c05221c499a3844d8fd8,Men,Shoes,Sports Shoes,Grey,Nike Men Lunarswift +3 Grey Sports Shoes,http://assets.myntassets.com/v1/images/style/properties/7befb37221105961c017e679245ce9f6_images.jpg,200
145,63d7c05221c499a3844d8fd9,Women,Innerwear,Bra,Black,Amante Black Printed Push-Up Bra BGSS01,http://assets.myntassets.com/v1/images/style/properties/Amante-Copper-Floral-Romance-Bra_e38c74ec54fae0bec0d655cedc0f479c_images.jpg,200
146,63d7c05221c499a3844d8fda,Men,Topwear,Shirts,Navy Blue,Flying Machine Men HS Blue Shirts,http://assets.myntassets.com/v1/images/style/properties/841b253d83d3c33eabc627a5a0d971ff_images.jpg,200
147,63d7c05221c499a3844d8fdb,Men,Topwear,Shirts,Red,Basics Men Red Slim Fit Checked Shirt,http://assets.myntassets.com/v1/images/style/properties/68e7811deafaee1ab4295cbaf4765856_images.jpg,200
148,63d7c05221c499a3844d8fdc,Men,Watches,Watches,Silver,Citizen Men Silver Dial Watch,http://assets.myntassets.com/v1/images/style/properties/365ac3bda83964848786cd56013fb194_images.jpg,200
149,63d7c05221c499a3844d8fdd,Women,Topwear,Tshirts,Red,Tokyo Talkies Women Printed Red T-shirt,http://assets.myntassets.com/v1/images/style/properties/3c24fbf941f6d2f3f722cf56da3d36b2_images.jpg,200
150,63d7c05221c499a3844d8fde,Women,Topwear,Tops,Pink,Gini and Jony Girl's Veeya Pink Kidswear,http://assets.myntassets.com/v1/images/style/properties/02d998a5e24bbc99dda9a40f4941c58d_images.jpg,200
151,63d7c05221c499a3844d8fdf,Women,Bags,Handbags,Black,Murcia Women Black Handbag,http://assets.myntassets.com/v1/images/style/properties/5210f474af6dc324c272e72af6a8a76a_images.jpg,200
152,63d7c05221c499a3844d8fe0,Men,Shoes,Casual Shoes,Black,Lotto Men's Calcetto Black Brown Shoe,http://assets.myntassets.com/v1/images/style/properties/5b54a388987f652667b258f4480b2a13_images.jpg,200
153,63d7c05221c499a3844d8fe1,Men,Bottomwear,Jeans,Blue,Lee Men Tino Blue Jeans,http://assets.myntassets.com/v1/images/style/properties/ce3149f5fd8fa39cbff8dc8fc4e29a6f_images.jpg,200
154,63d7c05221c499a3844d8fe2,Women,Topwear,Tshirts,Black,Lee Women Solid Black Tshirts,http://assets.myntassets.com/v1/images/style/properties/8edd80f77d30fb2d93b2079804c0a4e5_images.jpg,200
155,63d7c05221c499a3844d8fe3,Women,Watches,Watches,Black,DKNY Women Black Dial Watch NY4951,http://assets.myntassets.com/v1/images/style/properties/7b5b5ecb32564d6cd15b87bb2640a92c_images.jpg,200
156,63d7c05221c499a3844d8fe4,Women,Bottomwear,Jeans,Blue,Spykar Women Ep Jeans Blue Jeans,http://assets.myntassets.com/v1/images/style/properties/3d8ebb1a01134bd612a5765372a4c644_images.jpg,200
157,63d7c05221c499a3844d8fe5,Men,Topwear,Shirts,Blue,Highlander Men Check Blue Shirt,http://assets.myntassets.com/v1/images/style/properties/3bfee9a84a21304fbd61695bc49cb410_images.jpg,200
158,63d7c05221c499a3844d8fe6,Women,Innerwear,Bra,Lavender,Enamor Lavender Bra,http://assets.myntassets.com/v1/images/style/properties/cd7c73d4ebbaa57a7beb14ca4e2bb73b_images.jpg,200
159,63d7c05221c499a3844d8fe7,Women,Bags,Handbags,White,Be For Bag Women Pink Bag,http://assets.myntassets.com/v1/images/style/properties/Be-For-Bag-Women-Pink-Bag_32be09da738bae6a3c1d55fa74bcd9f0_images.jpg,200
160,63d7c05221c499a3844d8fe8,Men,Watches,Watches,White,Titan Men White Watch,http://assets.myntassets.com/v1/images/style/properties/Titan-Men-White-Watch_c0ca5e6952a8eb4bb2ecbf520d589531_images.jpg,200
161,63d7c05221c499a3844d8fe9,Men,Topwear,Tshirts,Blue,Puma Men Blue T-shirt,http://assets.myntassets.com/v1/images/style/properties/00e81bedb33d7f0896b10b7c559dac54_images.jpg,200
162,63d7c05221c499a3844d8fea,Men,Topwear,Tshirts,Burgundy,Puma Men Burgundy T-shirt,http://assets.myntassets.com/v1/images/style/properties/Puma-Men-Burgundy-T-shirt_e6305f2e85f1ff7d9b022df62d12bb42_images.jpg,200
163,63d7c05221c499a3844d8feb,Women,Watches,Watches,Beige,DKNY Women Beige Dial Watch NY8308,http://assets.myntassets.com/v1/images/style/properties/28ad7534ec84e1f52f622dd7aac4a0f3_images.jpg,200
164,63d7c05221c499a3844d8fec,Women,Bags,Handbags,Navy Blue,Baggit Women Galaxy Exel Navy Blue Handbag,http://assets.myntassets.com/v1/images/style/properties/89feaac7389339e1d0bc78d5a5379172_images.jpg,200
165,63d7c05221c499a3844d8fed,Men,Topwear,Shirts,White,Wrangler Men Dodge Broad Accent Check White Shirts,http://assets.myntassets.com/v1/images/style/properties/9b59fd18735b3dc79370bf2a3f7c5402_images.jpg,200
166,63d7c05221c499a3844d8fee,Men,Sandal,Sandals,Black,Coolers Men Black Sandals,http://assets.myntassets.com/v1/images/style/properties/a534fc3afe0802b1a9d84e28a34104aa_images.jpg,200
167,63d7c05221c499a3844d8fef,Women,Wallets,Wallets,Purple,Baggit Women Purple Wallet,http://assets.myntassets.com/v1/images/style/properties/Baggit-Women-Purple-Wallet_20cb9029012b8c024a5b234fc329c17a_images.jpg,200
168,63d7c05221c499a3844d8ff0,Women,Innerwear,Bra,Maroon,Enamor Masai Lift Bra,http://assets.myntassets.com/v1/images/style/properties/4c6e51ca52a1ff16ca042985ff969f44_images.jpg,200
169,63d7c05221c499a3844d8ff1,Women,Innerwear,Bra,Nude,Amante Nude-Coloured Full-Coverage Bra BFOM12,http://assets.myntassets.com/v1/image/style/properties/53507/Amante-Skin-Colour-Comfort-Bra-BFOM12_1_fcbc61e5b4a414c26f44ed2e68b2f69f.jpg,200
170,63d7c05221c499a3844d8ff2,Men,Topwear,Shirts,White,Scullers Men White Check Shirt,http://assets.myntassets.com/v1/images/style/properties/ece8a47407fece07bda02acc0317119c_images.jpg,200
171,63d7c05221c499a3844d8ff3,Women,Bags,Handbags,Brown,Lino Perros Women Brown Handbag,http://assets.myntassets.com/v1/images/style/properties/Lino-Perros-Women-Brown-Handbag_14006277bd404074924c0c048165d3cf_images.jpg,200
172,63d7c05221c499a3844d8ff4,Women,Bottomwear,Jeans,Blue,United Colors of Benetton Women Washed Blue Jeans,http://assets.myntassets.com/v1/images/style/properties/83c62173527ba1a605d126f07f31538e_images.jpg,200
173,63d7c05221c499a3844d8ff5,Men,Socks,Socks,Black,Levis Men 3 Pair Of Socks,http://assets.myntassets.com/v1/images/style/properties/Levis-Men-3-Pair-Of-Socks_0820e18c11a5760f252b95d8a7baa37e_images.jpg,200
174,63d7c05221c499a3844d8ff6,Women,Bags,Handbags,Black,Kiara Women Small Pocket Black Handbag,http://assets.myntassets.com/v1/images/style/properties/a67b7cbe909ff888ce49009ea8f00cda_images.jpg,200
175,63d7c05221c499a3844d8ff7,Women,Bags,Handbags,Purple,Murcia Women Hahk Purple Handbags,http://assets.myntassets.com/v1/images/style/properties/db58e608dad2c712e97b28c879670c51_images.jpg,200
176,63d7c05221c499a3844d8ff8,Girls,Topwear,Tshirts,Yellow,Doodle Girl's Dont Worry Hippie Yellow Teen Kidswear,http://assets.myntassets.com/v1/images/style/properties/7918b015029fad3d8108d7f07a5867e2_images.jpg,200
177,63d7c05221c499a3844d8ff9,Women,Bags,Handbags,Black,United Colors of Benetton Women Solid Black Handbags,http://assets.myntassets.com/v1/images/style/properties/c169a640c55a80e6cbb47715731ee529_images.jpg,200
178,63d7c05221c499a3844d8ffa,Men,Shoes,Formal Shoes,Brown,Clarks Men Brown Formal Shoes,http://assets.myntassets.com/v1/images/style/properties/Clarks-Men-Brown-Formal-Shoes_cae81cf723ab38cd1a0921981bba2a05_images.jpg,200
179,63d7c05221c499a3844d8ffb,Men,Topwear,Tshirts,Red,Angry Birds Men Red Printed T-shirt,http://assets.myntassets.com/v1/images/style/properties/568717bc99b48dce185ae1455acbb2a8_images.jpg,200
180,63d7c05221c499a3844d8ffc,Men,Topwear,Tshirts,Grey,Inesis Men Solid Grey Tshirt,http://assets.myntassets.com/v1/images/style/properties/c63aa5a0cf92985a6527f11c364f7356_images.jpg,200
181,63d7c05221c499a3844d8ffd,Women,Topwear,Jackets,Black,United Colors of Benetton Women Solid Black Jacket,http://assets.myntassets.com/v1/images/style/properties/a17db8e6c96c44467950a37c02e56465_images.jpg,200
182,63d7c05221c499a3844d8ffe,Men,Sandal,Sandals,Black,Franco Leone Men Casual Black Sandals,http://assets.myntassets.com/v1/images/style/properties/0f2519ae8f147ea7406e11586c49a12b_images.jpg,200
183,63d7c05221c499a3844d8fff,Men,Watches,Watches,White,Maxima Men White Dial Attivo Watch,http://assets.myntassets.com/v1/images/style/properties/abbd1b739fdfb4524e4974ac24044b6b_images.jpg,200
184,63d7c05221c499a3844d9000,Men,Topwear,Shirts,Red,United Colors Of Benetton Men Red Check Shirt,http://assets.myntassets.com/v1/images/style/properties/07ac24b8f6eaeb18db5db67ed22b7df7_images.jpg,200
185,63d7c05221c499a3844d9001,Men,Flip Flops,Flip Flops,Brown,Puma Men Java Brown Flip Flops,http://assets.myntassets.com/v1/images/style/properties/005203199ea23de3f97959be14c2533c_images.jpg,200
186,63d7c05221c499a3844d9002,Men,Flip Flops,Flip Flops,Brown,Quiksilver Men Brown Flip Flops,http://assets.myntassets.com/v1/images/style/properties/93422bef704ee5830c23f615bc89fa32_images.jpg,200
187,63d7c05221c499a3844d9003,Women,Topwear,Tops,Pink,Levis Kids Girl's Dionne Pink Teens Kidswear,http://assets.myntassets.com/v1/images/style/properties/014519ce544153b6be1aaddc0075eed8_images.jpg,200
188,63d7c05221c499a3844d9004,Girls,Topwear,Tshirts,Orange,Doodle Girl's Hippie Chic Orange Teen Kidswear,http://assets.myntassets.com/v1/images/style/properties/68540a8389d1a4a474037492a3e8cf15_images.jpg,200
189,63d7c05221c499a3844d9005,Men,Socks,Socks,Pink,ADIDAS Originals Men Pink Casual Socks,http://assets.myntassets.com/v1/images/style/properties/Adidas-Originals-Men-Pink-Casual-Socks46284c62c2af3e688a92031f01de1d09_images.jpg,200
190,63d7c05221c499a3844d9006,Men,Topwear,Shirts,Olive,s.Oliver Men Check Olive Shirt,http://assets.myntassets.com/v1/images/style/properties/7a76bbe935cb227f86dc6ee762aa287c_images.jpg,200
191,63d7c05221c499a3844d9007,Men,Socks,Socks,Black,Levis Men Pack of 3 Socks,http://assets.myntassets.com/v1/images/style/properties/Levis-Men-Pack-of-3-Socks_247d46323ee253339e7b4a1c06103214_images.jpg,200
192,63d7c05221c499a3844d9008,Women,Bags,Handbags,Blue,Kiara Women Small Pocket Blue Handbag,http://assets.myntassets.com/v1/images/style/properties/526ed0e9a1210a4a056dbaea8098a449_images.jpg,200
193,63d7c05221c499a3844d9009,Men,Topwear,Tshirts,Navy Blue,U.S. Polo Assn. Denim Co. Men Navy Blue T-Shirt,http://assets.myntassets.com/v1/images/style/properties/b10fa72ea9666a9487d1847cbbeb2c7c_images.jpg,200
194,63d7c05221c499a3844d900a,Women,Topwear,Tops,Green,Gini and Jony Girl's Venice Green Blue Infant Kidswear,http://assets.myntassets.com/v1/images/style/properties/a866b479997762fb0968fb8b9d9f94d4_images.jpg,200
195,63d7c05221c499a3844d900b,Men,Topwear,Shirts,Blue,Myntra Men Blue and Yellow Check Shirt,http://assets.myntassets.com/v1/images/style/properties/7e30615a10bfcdb141d62e561bc2c971_images.jpg,200
196,63d7c05221c499a3844d900c,Men,Topwear,Tshirts,Black,Puma Men V.11 Speed Black Tshirts,http://assets.myntassets.com/v1/images/style/properties/7dbc055fa8f79ab862364fa1234e8b2b_images.jpg,200
197,63d7c05221c499a3844d900d,Men,Topwear,Sweaters,Purple,s.Oliver Men Solid Purple Sweater,http://assets.myntassets.com/v1/images/style/properties/9ef9d37fb29c0fed00276e82310dc647_images.jpg,200
198,63d7c05221c499a3844d900e,Women,Shoes,Casual Shoes,Grey,Catwalk Women Ballerina Grey Casual Shoe,http://assets.myntassets.com/v1/images/style/properties/2c7a995d8ed4d42a9803a68ed652ba4b_images.jpg,200
199,63d7c05221c499a3844d900f,Men,Topwear,Tshirts,Navy Blue,United Colors of Benetton Men Navy Blue Polo Tshirt,http://assets.myntassets.com/v1/images/style/properties/ee9e58dceb868ace5888a7ee92e220c7_images.jpg,200
200,63d7c05221c499a3844d9010,Men,Bottomwear,Trousers,Grey,Probase Men Solid DK.Grey Trousers,http://assets.myntassets.com/v1/images/style/properties/a4a1e136d60855130467e3bd5b09bf60_images.jpg,200
201,63d7c05221c499a3844d9011,Women,Bags,Mobile Pouch,Purple,Baggit Women Auxi Baby Purple Mobile Pouch,http://assets.myntassets.com/v1/images/style/properties/fa3a6288fedb0be66850daff5121587e_images.jpg,200
202,63d7c05221c499a3844d9012,Men,Topwear,Shirts,White,Scullers Men White & Navy Blue Check Shirt,http://assets.myntassets.com/v1/images/style/properties/28e44de5a234820d82848cc5aaf81ef4_images.jpg,200
203,63d7c05221c499a3844d9013,Girls,Topwear,Tshirts,Blue,Doodle Girl's Raw Edges Light Blue Kidswear,http://assets.myntassets.com/v1/images/style/properties/52f6936ed0d2fa4736209c5a24e26081_images.jpg,200
204,63d7c05221c499a3844d9014,Women,Bags,Handbags,Pink,Paridhan Women Pink Handbag,http://assets.myntassets.com/v1/images/style/properties/f19cf52c06b22027fddd534cdf5a0df0_images.jpg,200
205,63d7c05221c499a3844d9015,Men,Innerwear,Innerwear Vests,White,Jockey GOLDEDN Men Gold Edition White Innerwear Vest 4020,http://assets.myntassets.com/v1/images/style/properties/e76718d29de434707621a50af1dc863b_images.jpg,200
206,63d7c05221c499a3844d9016,Women,Topwear,Tshirts,Pink,Disney Kids Girl Pooh Pink And White Top,http://assets.myntassets.com/v1/images/style/properties/8cf8c048455fe9f75cd27c3b6e5a8d4b_images.jpg,200
207,63d7c05221c499a3844d9017,Men,Shoes,Casual Shoes,Blue,Vans Men Blue Shoes,http://assets.myntassets.com/v1/images/style/properties/Vans-Men-Blue-Chukka-Boot-Shoes_678a3cfded1ec1bcceca587f6776a926_images.jpg,200
208,63d7c05221c499a3844d9018,Men,Sandal,Sandals,Black,Franco Leone Men Casual Black Sandals,http://assets.myntassets.com/v1/images/style/properties/Franco-Leone-Men-Casual-Black-Sandals_64e305d58336526ca53af1df28ff7721_images.jpg,200
209,63d7c05221c499a3844d9019,Men,Bottomwear,Jeans,Blue,Jack & Jones Men Blue Jeans,http://assets.myntassets.com/v1/images/style/properties/1e85047e167a6e042302be3a4a6c8da8_images.jpg,200
210,63d7c05221c499a3844d901a,Men,Topwear,Shirts,Navy Blue,United Colors Of Benetton Men Navy Blue Shirt,http://assets.myntassets.com/v1/images/style/properties/b4053ad6c63d828b0e70cd816247f958_images.jpg,200
211,63d7c05221c499a3844d901b,Men,Topwear,Sweatshirts,Grey,Status Quo Men Solid Dark Grey Sweatshirt,http://assets.myntassets.com/v1/images/style/properties/519f52fd6d8f4dc701a84890e062991a_images.jpg,200
212,63d7c05221c499a3844d901c,Women,Bags,Handbags,Brown,Murcia Women Brown Handbag,http://assets.myntassets.com/v1/images/style/properties/008d48cc4edd8bd05ed6f6a8a0ccae66_images.jpg,200
213,63d7c05221c499a3844d901d,Men,Flip Flops,Flip Flops,Olive,Fila Men Rambler Olive Flip Flops,http://assets.myntassets.com/v1/images/style/properties/aa5794990af2ef0cc5aa7240508c7d6f_images.jpg,200
214,63d7c05221c499a3844d901e,Men,Topwear,Tshirts,Black,Proline Men Black Polo T-shirt,http://assets.myntassets.com/v1/images/style/properties/10f220c080cb8a2d65b076bdb70109f6_images.jpg,200
215,63d7c05221c499a3844d901f,Men,Topwear,Shirts,Grey,United Colors Of Benetton Men Grey Shirt,http://assets.myntassets.com/v1/images/style/properties/51381b9659f1a9349fcf6a0fee14f031_images.jpg,200
216,63d7c05221c499a3844d9020,Women,Shoes,Sports Shoes,Olive,Nike Women Lunarswift +3 Olive Sports Shoes,http://assets.myntassets.com/v1/images/style/properties/2b3ed352576a63ce4c55aacd2911f79c_images.jpg,200
217,63d7c05221c499a3844d9021,Men,Socks,Socks,Black,Jockey LCESCBRA Men Pack of 3 Socks 2004,http://assets.myntassets.com/v1/images/style/properties/Jockey-Men-Pack-of-3-Socks_dec49abcc11b16976232d915072c9242_images.jpg,200
218,63d7c05221c499a3844d9022,Men,Socks,Socks,Black,Genesis Men Pack of 3 Socks,http://assets.myntassets.com/v1/images/style/properties/7395d9c2a58ff0378e258f621f84622d_images.jpg,200
219,63d7c05221c499a3844d9023,Men,Topwear,Tshirts,Purple,Basics Men Solid Purple Tshirts,http://assets.myntassets.com/v1/images/style/properties/393be276083cbde55cbf02d96072f8cd_images.jpg,200
220,63d7c05221c499a3844d9024,Unisex,Bags,Backpacks,Red,Puma Unisex Deck Red Backpacks,http://assets.myntassets.com/v1/images/style/properties/Puma-Unisex-Deck-Red-Backpacks6af81aede68a11a247420fa04200f20f_images.jpg,200
221,63d7c05221c499a3844d9025,Men,Topwear,Tshirts,Blue,Mr.Men Men's Mr.Noisy Blue T-shirt,http://assets.myntassets.com/v1/images/style/properties/3c05bd4d400ae7d8f7c339137283dcef_images.jpg,200
222,63d7c05221c499a3844d9026,Women,Topwear,Jackets,Pink,Lotto Women Cathy Pink Jacket,http://assets.myntassets.com/v1/images/style/properties/1d5f9c47ddc8f42deca41e8a17335847_images.jpg,200
223,63d7c05221c499a3844d9027,Women,Topwear,Tops,Black,Arrow Women Black Top,http://assets.myntassets.com/v1/images/style/properties/40014fbb0362937401e076119468d633_images.jpg,200
224,63d7c05221c499a3844d9028,Men,Topwear,Shirts,White,Basics Men White Slim Fit Checked Shirt,http://assets.myntassets.com/v1/images/style/properties/86bc888e5b861af81f564e2e9f627299_images.jpg,200
225,63d7c05221c499a3844d9029,Women,Topwear,Shirts,Purple,Jealous 21 Women Purple Shirt,http://assets.myntassets.com/v1/images/style/properties/68c39f47440cb294ec9049b94b23176d_images.jpg,200
226,63d7c05221c499a3844d902a,Men,Topwear,Tshirts,Grey,Inkfruit Mens Urban Warfare T-shirt,http://assets.myntassets.com/v1/images/style/properties/d6148296344abfd0cc84e4961735862e_images.jpg,200
227,63d7c05221c499a3844d902b,Women,Innerwear,Bra,Purple,Bwitch Purple Full-Coverage Lace Bra RTV-BW334,http://assets.myntassets.com/assets/images/45096/2016/7/26/11469536045888-Bwitch-Purple-Lace-Bra-RTV-BW334-1531469536043188-1.jpg,200
228,63d7c05221c499a3844d902c,Men,Bottomwear,Jeans,Blue,Lee Men Blue Zed Fit Jeans,http://assets.myntassets.com/v1/images/style/properties/6a913c4ca4f75ab1876bb070aa0b90b0_images.jpg,200
229,63d7c05221c499a3844d902d,Men,Shoes,Casual Shoes,Brown,Rockport Men Brown Leather Casual Shoes,http://assets.myntassets.com/v1/images/style/properties/Rockport-Men-Brown-Leather-Casual-Shoes_9c5fb81fa80950693ae635413df4f5c0_images.jpg,200
230,63d7c05221c499a3844d902e,Girls,Topwear,Tops,White,Gini and Jony Girls White Top,http://assets.myntassets.com/v1/images/style/properties/63e4f7008a21ad52e8e004ec132987dd_images.jpg,200
231,63d7c05221c499a3844d902f,Men,Topwear,Shirts,Black,Denizen Men Check Black Shirt,http://assets.myntassets.com/v1/images/style/properties/a0bb2dc080a0d54e0aeb5551e2eb64ad_images.jpg,200
232,63d7c05221c499a3844d9030,Men,Bottomwear,Jeans,Blue,Locomotive Men Washed Blue Jeans,http://assets.myntassets.com/v1/images/style/properties/8e7e926b9c6ef92e0703f9f2eb6a681a_images.jpg,200
233,63d7c05221c499a3844d9031,Men,Topwear,Shirts,White,Indigo Nation Men Check White Shirts,http://assets.myntassets.com/v1/images/style/properties/014491b2cdd79256c7fc811cdd6fd7e3_images.jpg,200
234,63d7c05221c499a3844d9032,Men,Flip Flops,Flip Flops,Navy Blue,Fila Men Terra Navy Blue Slippers,http://assets.myntassets.com/v1/images/style/properties/9d16956167f078c3a4b09328fab65b2e_images.jpg,200
235,63d7c05221c499a3844d9033,Men,Topwear,Shirts,Red,Lee Men Check Red Shirts,http://assets.myntassets.com/v1/images/style/properties/a78d95920ad995ba3376542f5a5c2de7_images.jpg,200
236,63d7c05221c499a3844d9034,Unisex,Shoes,Sports Shoes,Black,Lotto Unisex Brooklyn Black Shoe,http://assets.myntassets.com/v1/images/style/properties/28d5d55a287e9c201aca2c42612f5854_images.jpg,200
237,63d7c05221c499a3844d9035,Men,Topwear,Shirts,Blue,Reid & Taylor Men Solid Blue Shirts,http://assets.myntassets.com/v1/images/style/properties/b9349792a2b4220929ecca4a1c1c680d_images.jpg,200
238,63d7c05221c499a3844d9036,Women,Topwear,Shirts,Pink,Arrow Woman Pink Shirt,http://assets.myntassets.com/v1/images/style/properties/fffcc54cb5465d2fce6a8f51157fe44f_images.jpg,200
239,63d7c05221c499a3844d9037,Men,Shoes,Casual Shoes,Black,Playboy Men Black Shoes,http://assets.myntassets.com/v1/images/style/properties/60ea37226c9c5ed103eeedde59116038_images.jpg,200
240,63d7c05221c499a3844d9038,Men,Topwear,Tshirts,Black,Mark Taylor Men Printed Black T-shirt,http://assets.myntassets.com/v1/images/style/properties/bdf23bd3f7fa9730f9772f9f292b5fa1_images.jpg,200
241,63d7c05221c499a3844d9039,Men,Shoes,Casual Shoes,Purple,Gas Men Aishley Greyish Purple Casual Shoes,http://assets.myntassets.com/v1/images/style/properties/fa0b8460a26ccca6d24d819a7fd5b168_images.jpg,200
242,63d7c05221c499a3844d903a,Women,Topwear,Shirts,Olive,Scullers For Her Olive Shirt,http://assets.myntassets.com/v1/images/style/properties/d93965abf012f4ec461bddcfa083d803_images.jpg,200
243,63d7c05221c499a3844d903b,Men,Topwear,Tshirts,Grey,Mr.Men Men's Mr.Mischief Grey T-shirt,http://assets.myntassets.com/v1/images/style/properties/b8cf77e0132bdc4c4d473df3e0c999d0_images.jpg,200
244,63d7c05221c499a3844d903c,Men,Topwear,Tshirts,Green,Basics Men Green Polo T-shirt,http://assets.myntassets.com/v1/images/style/properties/3a9e687c8b4513c5d1d125ecf209cde3_images.jpg,200
245,63d7c05221c499a3844d903d,Men,Sandal,Sandals,Black,Coolers Men Black Sandals,http://assets.myntassets.com/v1/images/style/properties/1fe643f6730e29abcd819395dfb9ff92_images.jpg,200
246,63d7c05221c499a3844d903e,Women,Innerwear,Bra,Skin,Peri Peri Women Skin Bra,http://assets.myntassets.com/v1/images/style/properties/Peri-Peri-Women-Skin-Bra_03ad03147152bde164ac8fd486d5a721_images.jpg,200
247,63d7c05221c499a3844d903f,Men,Topwear,Tshirts,Navy Blue,Mark Taylor Men Printed Navy Blue T-shirt,http://assets.myntassets.com/v1/images/style/properties/4ca7abf6ae19723460763331a4007ea2_images.jpg,200
248,63d7c05221c499a3844d9040,Unisex,Shoes,Casual Shoes,Blue,Lotto Unisex Canvas Purple Yellow Shoe,http://assets.myntassets.com/v1/images/style/properties/3b00609a3fc6691be87edaf03e5d51eb_images.jpg,200
249,63d7c05221c499a3844d9041,Men,Shoes,Casual Shoes,Black,Clarks Men Rocco Fuse Black Leather Black Casual Shoes,http://assets.myntassets.com/v1/images/style/properties/5040e0c7e82dcc67e1c0a42ee04eb519_images.jpg,200
250,63d7c05221c499a3844d9042,Women,Topwear,Sweaters,Peach,Flying Machine Women Solid Peach Sweaters,http://assets.myntassets.com/v1/images/style/properties/97e79ebb1048d210b52d05f8fb2c40c5_images.jpg,200
251,63d7c05221c499a3844d9043,Women,Watches,Watches,White,SKAGEN DENMARK Women White Mother of Pearl Dial Watch 107SSCS,http://assets.myntassets.com/v1/images/style/properties/201ebfd9ff5eb504b6f32d034536c0a1_images.jpg,200
252,63d7c05221c499a3844d9044,Men,Shoes,Formal Shoes,Black,Red Tape Men's Black Slip-On Formal Shoe,http://assets.myntassets.com/v1/images/style/properties/296ac470d429413d69d62e8105a8d6cb_images.jpg,200
253,63d7c05221c499a3844d9045,Women,Topwear,Shirts,Blue,Van Heusen Woman Blue Shirt,http://assets.myntassets.com/v1/images/style/properties/445a69cd40bdb5466854e23c1834ea73_images.jpg,200
254,63d7c05221c499a3844d9046,Men,Topwear,Sweatshirts,Purple,United Colors of Benetton Men Solid Purple Sweatshirt,http://assets.myntassets.com/v1/images/style/properties/2e018d79d71d47cc0d6bdc8d7c04e284_images.jpg,200
255,63d7c05221c499a3844d9047,Women,Watches,Watches,White,Q&Q Women White Dial Watch,http://assets.myntassets.com/v1/images/style/properties/Q-Q-Women-White-Watch_166697d55172f9d197544f232c975186_images.jpg,200
256,63d7c05221c499a3844d9048,Unisex,Bags,Backpacks,Black,American Tourister Unisex Black Backpack,http://assets.myntassets.com/v1/images/style/properties/796a3db08bfe1696c793ec80494b23c1_images.jpg,200
257,63d7c05221c499a3844d9049,Men,Topwear,Shirts,Black,Basics Men Black Shirt,http://assets.myntassets.com/v1/images/style/properties/c1279c30219754cd44db5340fb9fbaf9_images.jpg,200
258,63d7c05221c499a3844d904a,Men,Topwear,Shirts,Green,John Players Men Check Green Shirt,http://assets.myntassets.com/v1/images/style/properties/ebf99012653dcb6cd200ff07b09a2aae_images.jpg,200
259,63d7c05221c499a3844d904b,Men,Topwear,Tshirts,Blue,Jack & Jones Men Polo Blue T-shirt,http://assets.myntassets.com/v1/images/style/properties/40b13611cae8a85ff08f1ce5c88a128b_images.jpg,200
260,63d7c05221c499a3844d904c,Men,Topwear,Tshirts,Blue,Puma Men Training Polo Blue Tshirt,http://assets.myntassets.com/v1/images/style/properties/677db1205de1651afef95a344c29747a_images.jpg,200
261,63d7c05221c499a3844d904d,Men,Topwear,Tshirts,Black,Mark Taylor Men Printed Black T-shirt,http://assets.myntassets.com/v1/images/style/properties/4081c1f97236d666f159242c0ac1499f_images.jpg,200
262,63d7c05221c499a3844d904e,Men,Topwear,Tshirts,Yellow,Inkfruit Mens Little Bit More T-shirt,http://assets.myntassets.com/v1/images/style/properties/d45e7b919a13c9c2e8b2f78eb275bd9d_images.jpg,200
263,63d7c05221c499a3844d904f,Men,Topwear,Tshirts,Blue,Flying Machine Men Printed Blue Tshirts,http://assets.myntassets.com/v1/images/style/properties/2e873170fbe4beb5a77eee55cef92766_images.jpg,200
264,63d7c05221c499a3844d9050,Men,Bottomwear,Jeans,White,Peter England Men Blue Party Jeans,http://assets.myntassets.com/v1/images/style/properties/f4915e745c70ce326b3919d4f6069c6b_images.jpg,200
265,63d7c05221c499a3844d9051,Men,Bottomwear,Jeans,Blue,Flying Machine Men Midrise Blue Jeans,http://assets.myntassets.com/v1/images/style/properties/97e422e74da7fe700737ef68d187ba67_images.jpg,200
266,63d7c05221c499a3844d9052,Women,Topwear,Shirts,Purple,Jealous 21 Women Check Purple Shirt,http://assets.myntassets.com/v1/images/style/properties/aac1d1375bd77169e8b4c498769b4453_images.jpg,200
267,63d7c05221c499a3844d9053,Women,Socks,Socks,White,Puma Women Pack of 3 Socks,http://assets.myntassets.com/assets/images/29112/2016/9/27/11474956951652-Puma-Women-Pack-of-3-Socks-7511474956951601-1.jpg,200
268,63d7c05221c499a3844d9054,Women,Topwear,Shirts,Red,Arrow Woman Red Shirt,http://assets.myntassets.com/v1/images/style/properties/3d9b29e3dea9120708ed81b904c82dc4_images.jpg,200
269,63d7c05221c499a3844d9055,Women,Bags,Handbags,Purple,Rocky S Women Purple Handbag,http://assets.myntassets.com/v1/images/style/properties/Rocky-S-Women-Purple-Handbag_6dc5170532961488a8e9d8a0c08e5b83_images.jpg,200
270,63d7c05221c499a3844d9056,Men,Topwear,Shirts,Black,Denizen Men Striped Black Shirt,http://assets.myntassets.com/v1/images/style/properties/cd80c8c3512ef6446fa8476e3bed3285_images.jpg,200
271,63d7c05221c499a3844d9057,Men,Socks,Socks,Beige,Lino Perros Men Pack of 2 Socks,http://assets.myntassets.com/v1/images/style/properties/cb0347bee90b6cc1e6e785241d0a246e_images.jpg,200
272,63d7c05221c499a3844d9058,Men,Shoes,Formal Shoes,Brown,Franco Leone Men Dark Brown Formal Shoes,http://assets.myntassets.com/v1/images/style/properties/Franco-Leone-Men-Dark-Brown-Formal-Shoes_a6960feb0858f028113fe4f768fd9aa7_images.jpg,200
273,63d7c05221c499a3844d9059,Men,Bottomwear,Jeans,Blue,Locomotive Men Washed Blue Jeans,http://assets.myntassets.com/v1/images/style/properties/44d41c9e628e2114990628c0f4bd7586_images.jpg,200
274,63d7c05221c499a3844d905a,Men,Shoes,Casual Shoes,Black,Nike Men Lunar Flow Black Casual Shoes,http://assets.myntassets.com/v1/images/style/properties/46633b882cd1a13c3b54b6b028345533_images.jpg,200
275,63d7c05221c499a3844d905b,Men,Topwear,Shirts,Navy Blue,Indigo Nation Men Checks Navy Blue Shirt,http://assets.myntassets.com/v1/images/style/properties/d0e9e44fe7a79b0e0ad354e8c74b0d52_images.jpg,200
276,63d7c05221c499a3844d905c,Women,Watches,Watches,Silver,Aspen Women Silver Dial Watch,http://assets.myntassets.com/v1/images/style/properties/05459a6a4dce63440b50062002de33c9_images.jpg,200
277,63d7c05221c499a3844d905d,Women,Bags,Handbags,Orange,Lino Perros Women Orange Handbag,http://assets.myntassets.com/v1/images/style/properties/Lino-Perros-Women-Orange-Handbag_621ad6bad2ee901ef7ed951e82db4eec_images.jpg,200
278,63d7c05221c499a3844d905e,Women,Topwear,Shirts,Pink,Jealous 21 Women Pink Shirt,http://assets.myntassets.com/v1/images/style/properties/Jealous-21-Women-Pink-Shirt_2be751c2df8558fb7682f836dd678492_images.jpg,200
279,63d7c05221c499a3844d905f,Men,Topwear,Shirts,Blue,Levis Men Check Blue  Shirts,http://assets.myntassets.com/v1/images/style/properties/4aefd2f041e97505c36977e61f06d35f_images.jpg,200
280,63d7c05221c499a3844d9060,Men,Watches,Watches,Off White,Maxima Attivo Men Off-White Dial Watch 24130LMGT,http://assets.myntassets.com/v1/images/style/properties/Maxima-Attivo-Men-Off-White-Dial-Watch-24130LMGT_b264ea09629195b83f63a2cc8dfb3709_images.jpg,200
281,63d7c05221c499a3844d9061,Women,Topwear,Tops,Red,Lee Women Katie Red Top,http://assets.myntassets.com/v1/images/style/properties/a95531157b2406119f5fd29cc66bc77b_images.jpg,200
282,63d7c05221c499a3844d9062,Men,Topwear,Tshirts,White,Basics Men White Polo T-shirt,http://assets.myntassets.com/v1/images/style/properties/5b2994f4e228714f93ac84a17cb1469d_images.jpg,200
283,63d7c05221c499a3844d9063,Men,Topwear,Tshirts,Blue,French Connection Men Blue T-shirt,http://assets.myntassets.com/v1/images/style/properties/French-Connection-Men-Black-T-shirt_ef3087ee1fe1cc6eafbd683a3edb44f3_images.jpg,200
284,63d7c05221c499a3844d9064,Men,Topwear,Shirts,Blue,Flying Machine Men Check  Blue Shirts,http://assets.myntassets.com/v1/images/style/properties/d96b0e543db1d99144646673a6facdda_images.jpg,200
285,63d7c05221c499a3844d9065,Men,Topwear,Tshirts,Red,Puma Men Red Ferrari T-shirt,http://assets.myntassets.com/v1/images/style/properties/b941d362ab418f2b4ef72b588508718a_images.jpg,200
286,63d7c05221c499a3844d9066,Women,Topwear,Tops,Red,Arrow Woman Red Top,http://assets.myntassets.com/v1/images/style/properties/89ef45205688aabe43ccc4ccbc95b631_images.jpg,200
287,63d7c05221c499a3844d9067,Women,Bags,Handbags,Yellow,Rocky S Women Yellow Handbag,http://assets.myntassets.com/v1/images/style/properties/Rocky-S-Women-Yellow-Handbag_240e8ead2cfc8e76087b4c801cbc8bb4_images.jpg,200
288,63d7c05221c499a3844d9068,Men,Topwear,Shirts,Green,Turtle Check Men Green Shirt,http://assets.myntassets.com/v1/images/style/properties/e1dbb7c86bf2fb276598e350328f9e47_images.jpg,200
289,63d7c05221c499a3844d9069,Women,Bags,Handbags,Pink,Murcia Women Pink Handbag,http://assets.myntassets.com/v1/images/style/properties/Murcia-Women-Pink-Handbag_51124f14b585e78c75623a43c634e4e0_images.jpg,200
290,63d7c05221c499a3844d906a,Men,Watches,Watches,White,SKAGEN DENMARK Men White Dial Watch 233XLSS,http://assets.myntassets.com/v1/image/style/properties/30038/Skagen-Men-White-Dial-Watch_1_4cbf12a760c1f06e3b378f152c9b1bfa.jpg,200
291,63d7c05221c499a3844d906b,Men,Topwear,Shirts,Blue,Reid & Taylor Men Stripes Blue Shirts,http://assets.myntassets.com/v1/images/style/properties/3f7a0a16124c130e88923769e292f800_images.jpg,200
292,63d7c05221c499a3844d906c,Women,Topwear,Tops,Blue,Van Heusen Woman Striped Blue Top,http://assets.myntassets.com/v1/images/style/properties/298dc09baae3e57dcd05d41e81ac1f3d_images.jpg,200
293,63d7c05221c499a3844d906d,Unisex,Bags,Backpacks,Blue,American Tourister Unisex Blue Backpack,http://assets.myntassets.com/v1/images/style/properties/3311413cc50122bf6df91fb609c87f1e_images.jpg,200
294,63d7c05221c499a3844d906e,Men,Topwear,Tshirts,Black,Puma Men Jersey Polo Black Tshirts,http://assets.myntassets.com/v1/images/style/properties/269926d18ddfa3e5b1bad3351c48a50d_images.jpg,200
295,63d7c05221c499a3844d906f,Men,Shoes,Casual Shoes,Navy Blue,Vans Men Classic Slip-On Navy Blue Shoes,http://assets.myntassets.com/v1/images/style/properties/61ff6d0a5a90c48fe528ddeada916425_images.jpg,200
296,63d7c05221c499a3844d9070,Men,Topwear,Tshirts,Blue,Puma Men Speed Grapic tee Blue Tshirt,http://assets.myntassets.com/v1/images/style/properties/07134d323ed1ae0a7d3a46d8ddf75874_images.jpg,200
297,63d7c05221c499a3844d9071,Men,Topwear,Tshirts,Grey Melange,French Connection Men Grey Melange T-shirt,http://assets.myntassets.com/v1/images/style/properties/1138e6022371c9eec439cf999aef5dc2_images.jpg,200
298,63d7c05221c499a3844d9072,Men,Topwear,Shirts,Red,Flying Machine Men Check Red Shirts,http://assets.myntassets.com/v1/images/style/properties/e2fb1ff7c440d4380e8540db36daa82a_images.jpg,200
299,63d7c05221c499a3844d9073,Men,Shoes,Casual Shoes,Navy Blue,Gas Men Navy Blue Shoes,http://assets.myntassets.com/v1/images/style/properties/d039d725e9893e24fd9f021de968a920_images.jpg,200
300,63d7c05221c499a3844d9074,Women,Bags,Handbags,Blue,Baggit Women Blue Bag,http://assets.myntassets.com/v1/images/style/properties/Baggit-Women-Blue-Bag_c6c850a98d4baf07c4dced994dbd4ff9_images.jpg,200
301,63d7c05221c499a3844d9075,Men,Topwear,Shirts,Red,Scullers Men Scul Red White Shirt,http://assets.myntassets.com/v1/images/style/properties/ace3ba0d9e320f475be0cde873e1fdcd_images.jpg,200
302,63d7c05221c499a3844d9076,Men,Shoes,Formal Shoes,Black,Red Chief Men Black Formal Shoes,http://assets.myntassets.com/v1/images/style/properties/e37ef333be6a8e14be8410580873a611_images.jpg,200
303,63d7c05221c499a3844d9077,Men,Topwear,Tshirts,Green,United Colors of Benetton Men Short Green T-shirt,http://assets.myntassets.com/v1/images/style/properties/1b419a329736f70fb201d21457083da2_images.jpg,200
304,63d7c05221c499a3844d9078,Men,Flip Flops,Flip Flops,Navy Blue,Lotto Men's Tennis Mule Navy Blue Flip Flop,http://assets.myntassets.com/v1/images/style/properties/d009623b103d388d2b799d03752746aa_images.jpg,200
305,63d7c05221c499a3844d9079,Men,Topwear,Shirts,Black,Levis Men Check Black Shirts,http://assets.myntassets.com/v1/images/style/properties/c58288b8ec7f5cad5064d82934657e76_images.jpg,200
306,63d7c05221c499a3844d907a,Men,Topwear,Shirts,Blue,Reid & Taylor Men Check Blue Shirts,http://assets.myntassets.com/v1/images/style/properties/f2d133d0e7abe582fa61ecefbf788101_images.jpg,200
307,63d7c05221c499a3844d907b,Girls,Topwear,Tshirts,Pink,Disney Kids Girl's Summer Fun Fair Pink Teen Kidswear,http://assets.myntassets.com/v1/images/style/properties/07f7ac42151631746bc3632870a7bf7c_images.jpg,200
308,63d7c05221c499a3844d907c,Women,Wallets,Wallets,Purple,Baggit Women Jewel Baby Purple Wallet,http://assets.myntassets.com/v1/images/style/properties/a2d860d1cdbb5fa2abb38b16d678dd09_images.jpg,200
309,63d7c05221c499a3844d907d,Men,Topwear,Tshirts,Red,Doodle Boy Casual Red Tshirts,http://assets.myntassets.com/v1/images/style/properties/56373c9e2bc5e8171860f34f51962721_images.jpg,200
310,63d7c05221c499a3844d907e,Men,Topwear,Jackets,Blue,Nike Men Printed Blue Jackets,http://assets.myntassets.com/v1/images/style/properties/8ea53ed2282926e52203ed00f15ab429_images.jpg,200
311,63d7c05221c499a3844d907f,Women,Bags,Clutches,Black,Spice Art Women Beaded Bow Black Clutch,http://assets.myntassets.com/v1/images/style/properties/895f9c81f43e0f767b2807d0ddb5fc43_images.jpg,200
312,63d7c05221c499a3844d9080,Men,Topwear,Shirts,Lavender,Arrow Men Lavender Unstainable Slim Fit Shirt,http://assets.myntassets.com/v1/images/style/properties/Arrow-Men-Lavender-Slim-Fit-Shirt_8135f9f41f4b77535ae7d7b35679eea8_images.jpg,200
313,63d7c05221c499a3844d9081,Men,Topwear,Shirts,Grey,Arrow Men Grey Shirt,http://assets.myntassets.com/v1/images/style/properties/0dbdd00de67661013fb2319c09c3fb4d_images.jpg,200
314,63d7c05221c499a3844d9082,Men,Topwear,Tshirts,Olive,Proline Men Olive Green Polo T-shirt,http://assets.myntassets.com/v1/images/style/properties/d2e6bb1dc946388c822c67fc40150d3a_images.jpg,200
315,63d7c05221c499a3844d9083,Men,Flip Flops,Flip Flops,Navy Blue,Gas Men Navy Blue Flip Flops,http://assets.myntassets.com/v1/images/style/properties/1ce6f219f00dc784baf7715efa0ca189_images.jpg,200
316,63d7c05221c499a3844d9084,Men,Socks,Socks,White,Levis Men Pack of 3 Socks,http://assets.myntassets.com/v1/images/style/properties/Levis-Men-3-Pair-Of-Socks_8fc17de66ec9d2cdaa8b3616596691a5_images.jpg,200
317,63d7c05221c499a3844d9085,Unisex,Bags,Backpacks,Black,Nike Unisex Ultimatum Max Black Backpacks,http://assets.myntassets.com/v1/images/style/properties/81746c8d02fbc3f13fa85e6466091d50_images.jpg,200
318,63d7c05221c499a3844d9086,Men,Sandal,Sandals,Black,Red Tape Men Cross Band Black Sandals,http://assets.myntassets.com/v1/images/style/properties/fbee867387ae6f303458cb86a7e46fa5_images.jpg,200
319,63d7c05221c499a3844d9087,Men,Topwear,Shirts,Black,United Colors of Benetton Men Check Black Shirt,http://assets.myntassets.com/v1/images/style/properties/7f5d4a1cf8de9197508d535e31869196_images.jpg,200
320,63d7c05221c499a3844d9088,Women,Bags,Handbags,Brown,Murcia Women Brown Handbag,http://assets.myntassets.com/v1/images/style/properties/dce5fa3c324d8d64a8aec9427069d43c_images.jpg,200
321,63d7c05221c499a3844d9089,Unisex,Shoes,Casual Shoes,Blue,Vans Unisex Blue Authentic Shoes,http://assets.myntassets.com/v1/images/style/properties/Vans-Men-Blue-Authentic-Shoes_71e9519e8fc1642f94cdf70c5801caef_images.jpg,200
322,63d7c05221c499a3844d908a,Girls,Topwear,Tops,White,Gini Jony Girls Printed White Top,http://assets.myntassets.com/v1/images/style/properties/8fbee590cae7931ee74d175775067100_images.jpg,200
323,63d7c05221c499a3844d908b,Men,Bottomwear,Jeans,Black,Flying Machine Men Washed Black Jeans,http://assets.myntassets.com/v1/images/style/properties/c4051c3495399cf5fc7e717f9c7d29ac_images.jpg,200
324,63d7c05221c499a3844d908c,Women,Wallets,Wallets,Red,Nyk Women Red Wallet,http://assets.myntassets.com/v1/images/style/properties/4cc27bb5ca68c4864bcb8f2218d46b72_images.jpg,200
325,63d7c05221c499a3844d908d,Men,Socks,Socks,Black,Jockey LCESCBRA Men Pack of 3 Socks 2004,http://assets.myntassets.com/v1/images/style/properties/Jockey-Men-Pack-of-3-Socks_23e14fa59846a3df4cd8c4b7d09a2283_images.jpg,200
326,63d7c05221c499a3844d908e,Men,Shoes,Sports Shoes,Black,Puma Men Driving Power Lo SF Black Sports Shoes,http://assets.myntassets.com/v1/images/style/properties/f70c7516c24b084f37404cf3bca4614f_images.jpg,200
327,63d7c05221c499a3844d908f,Women,Bags,Handbags,Yellow,Paridhan Women Yellow Handbag,http://assets.myntassets.com/v1/images/style/properties/6a185bd38dbb41807b1538e48a3bdb70_images.jpg,200
328,63d7c05221c499a3844d9090,Men,Shoes,Casual Shoes,Black,F Sports Men Black Shoes,http://assets.myntassets.com/v1/images/style/properties/F-Sports-Men-Black-Shoes_f4920f8c2dd4277191a4468e5acf397d_images.jpg,200
329,63d7c05221c499a3844d9091,Girls,Topwear,Tshirts,Blue,Doodle Girl's Raw Edges Light Blue Teen Kidswear,http://assets.myntassets.com/v1/images/style/properties/3752756c42f6f2ba5704c4e5c9d36b17_images.jpg,200
330,63d7c05221c499a3844d9092,Men,Topwear,Shirts,Navy Blue,United Colors of Benetton Men Navy Blue Shirt,http://assets.myntassets.com/v1/images/style/properties/United-Colors-of-Benetton-Men-Black-Shirt_22c4c683493eb1e7399634a84078ae95_images.jpg,200
331,63d7c05221c499a3844d9093,Men,Flip Flops,Flip Flops,Blue,Timberland Men Blue Thong Flip Flops,http://assets.myntassets.com/v1/images/style/properties/Timberland-Men-Blue-Thong-Flip-Flops_02bb5f9ccf76c9ff75ff8289dcc34aec_images.jpg,200
332,63d7c05221c499a3844d9094,Men,Topwear,Tshirts,Yellow,Flying Machine Men Gloden Haze Yellow Tshirts,http://assets.myntassets.com/v1/images/style/properties/b2752e62365b2c1b427c3ef4b8105715_images.jpg,200
333,63d7c05221c499a3844d9095,Men,Shoes,Casual Shoes,Grey,Puma Men Grey Vintage Ferrari Shoes,http://assets.myntassets.com/v1/images/style/properties/Puma-Men-Grey-Vintage-Ferrari-Casual-Shoes_3d91c7ee3487279c51edecb337de455b_images.jpg,200
334,63d7c05221c499a3844d9096,Women,Shoes,Flats,Black,Rocia Women Black Flats,http://assets.myntassets.com/v1/images/style/properties/04399fa6c84c1e6b924a4de12d662718_images.jpg,200
335,63d7c05221c499a3844d9097,Men,Topwear,Shirts,Blue,Arrow Men Blue Striped Shirt,http://assets.myntassets.com/v1/images/style/properties/ebdd3d4679ee436a10f46a1a7c50f7c6_images.jpg,200
336,63d7c05221c499a3844d9098,Men,Topwear,Shirts,Lavender,Arrow Men Lavender Shirt,http://assets.myntassets.com/v1/images/style/properties/565c01dafb10f4348775917067cfe138_images.jpg,200
337,63d7c05221c499a3844d9099,Men,Topwear,Shirts,Blue,Arrow Men Blue Striped Shirt,http://assets.myntassets.com/v1/images/style/properties/b3f5eac70997af40520c140e1844dd2b_images.jpg,200
338,63d7c05221c499a3844d909a,Men,Shoes,Casual Shoes,Grey,Lotto Men Grey Dolce Vita Shoes,http://assets.myntassets.com/v1/images/style/properties/68278d11b6ca39f30e2ea1ce9a4f2ad9_images.jpg,200
339,63d7c05221c499a3844d909b,Women,Innerwear,Bra,Peach,Enamor Peach Lift Bra,http://assets.myntassets.com/v1/images/style/properties/80944065f93e881b8f3e9ab16da643a7_images.jpg,200
340,63d7c05221c499a3844d909c,Men,Bottomwear,Jeans,Blue,Locomotive Men Washed Blue Jeans,http://assets.myntassets.com/v1/images/style/properties/6e07fed5a179162a5c98e441e99a9ec8_images.jpg,200
341,63d7c05221c499a3844d909d,Women,Watches,Watches,Silver,Playboy Women Silver Dial Watch,http://assets.myntassets.com/v1/images/style/properties/2425be32d6b4dc534d90bab4a9669ecc_images.jpg,200
342,63d7c05221c499a3844d909e,Men,Flip Flops,Flip Flops,Black,Puma Men Java Black Flip Flops,http://assets.myntassets.com/v1/images/style/properties/0c9608b07776a13c6d468f6723361b7b_images.jpg,200
343,63d7c05221c499a3844d909f,Women,Topwear,Tops,Pink,Levis Kids Girl's Dionne Pink Kidswear,http://assets.myntassets.com/v1/images/style/properties/4debd088cf652ba933bad199b15a3a97_images.jpg,200
344,63d7c05221c499a3844d90a0,Men,Watches,Watches,White,Q&Q Men White Dial Watch,http://assets.myntassets.com/v1/images/style/properties/Q-Q-Men-White-Dial-Watch_9a39689f0ad0597021365fdd68da8f62_images.jpg,200
345,63d7c05221c499a3844d90a1,Men,Topwear,Tshirts,Grey,Wrangler Men Grey Polo Tshirts,http://assets.myntassets.com/v1/images/style/properties/8f8698ee2f8e83b32d71857f21b1c701_images.jpg,200
346,63d7c05221c499a3844d90a2,Men,Topwear,Shirts,Blue,United Colors of Benetton Men Check Blue Shirt,http://assets.myntassets.com/v1/images/style/properties/4cd34747dae7087866a38d5fcb7cbf2a_images.jpg,200
347,63d7c05221c499a3844d90a3,Men,Topwear,Tshirts,Blue,Music Men Blue Printed T-shirt,http://assets.myntassets.com/v1/images/style/properties/51ad26709035cedcfeb7c0a74d72d636_images.jpg,200
348,63d7c05221c499a3844d90a4,Girls,Topwear,Tshirts,Orange,Doodle Girl's Hippie Chic Orange Kidswear,http://assets.myntassets.com/v1/images/style/properties/243eae8f457007dd9639d4851cc38f10_images.jpg,200
349,63d7c05221c499a3844d90a5,Men,Socks,Socks,Black,ADIDAS Originals Men Black Casual Socks,http://assets.myntassets.com/v1/images/style/properties/7fb8c4f7dd2721f29a885fb7d01c4d5d_images.jpg,200
350,63d7c05221c499a3844d90a6,Men,Watches,Watches,White,Titan Men White Dial Watch,http://assets.myntassets.com/v1/images/style/properties/Titan-Men-White-Dial-Watch_f2539f9757761ece3dc15dd68e55f2fe_images.jpg,200
351,63d7c05221c499a3844d90a7,Men,Shoes,Casual Shoes,Black,Skechers Men Black Shoes,http://assets.myntassets.com/v1/images/style/properties/2c64a9788774d5c1ac0e149b20a61a7f_images.jpg,200
352,63d7c05221c499a3844d90a8,Men,Topwear,Shirts,Red,Flying Machine Men Check Red Shirts,http://assets.myntassets.com/v1/images/style/properties/12dff4c4ecf5c7e7928dd7bb75029c48_images.jpg,200
353,63d7c05221c499a3844d90a9,Girls,Topwear,Tops,White,Gini Jony Girls Printed White Top,http://assets.myntassets.com/v1/images/style/properties/72a881c1cb0ea7f12131d1559fbc85a2_images.jpg,200
354,63d7c05221c499a3844d90aa,Men,Sandal,Sandals,Black,Lee Cooper Men Formal Leather Black Sandal,http://assets.myntassets.com/v1/images/style/properties/3d1bbf550e8fe9db493fe79dc83d25ce_images.jpg,200
355,63d7c05221c499a3844d90ab,Men,Shoes,Sports Shoes,Grey,Nike Men Lunarglide + Shield Grey Sports Shoes,http://assets.myntassets.com/v1/images/style/properties/27203442d215ad27a061c5d9c9f6f5fc_images.jpg,200
356,63d7c05221c499a3844d90ac,Women,Watches,Watches,Steel,Q&Q Women Steel Dial Watch,http://assets.myntassets.com/v1/images/style/properties/6210e11e14c628f9c18c132b5e1acf6a_images.jpg,200
357,63d7c05221c499a3844d90ad,Girls,Watches,Watches,White,Q&Q Kids Girls White Dial Analog Watch,http://assets.myntassets.com/v1/images/style/properties/ef575ed31a094b8a97596de44e418d34_images.jpg,200
358,63d7c05221c499a3844d90ae,Men,Topwear,Shirts,Yellow,Highlander Men Check Yellow Shirt,http://assets.myntassets.com/v1/images/style/properties/9bca9be5d5e820d63b2e72dc58db2721_images.jpg,200
359,63d7c05221c499a3844d90af,Women,Bags,Handbags,Orange,Paridhan Women Orange Handbag,http://assets.myntassets.com/v1/images/style/properties/f9a301ee3cad7ba8225ae0aa7cae8bfc_images.jpg,200
360,63d7c05221c499a3844d90b0,Women,Bags,Handbags,Teal,Fossil Women Teal Handbag,http://assets.myntassets.com/v1/images/style/properties/b722c4a5df00b245e7802f18ebbe90f8_images.jpg,200
361,63d7c05221c499a3844d90b1,Men,Topwear,Tshirts,Purple,Flying Machine Men Paisley Purple Tshirts,http://assets.myntassets.com/v1/images/style/properties/485c76f4a7ece6ce3845e53250ef8127_images.jpg,200
362,63d7c05221c499a3844d90b2,Men,Bottomwear,Jeans,Blue,Lee Men Blue Rack Jeans,http://assets.myntassets.com/v1/images/style/properties/60405419590674fab1c69b1de2c73757_images.jpg,200
363,63d7c05221c499a3844d90b3,Men,Topwear,Sweaters,Charcoal,s.Oliver Men Solid Charcoal Sweater,http://assets.myntassets.com/v1/images/style/properties/a9ff8ed0a4c8ed9219845685691a01a9_images.jpg,200
364,63d7c05221c499a3844d90b4,Men,Topwear,Tshirts,White,Locomotive Men Printed White T-shirt,http://assets.myntassets.com/v1/images/style/properties/032ffc6397b7b005b8ff4899e0ffbb5d_images.jpg,200
365,63d7c05221c499a3844d90b5,Women,Wallets,Wallets,Purple,Baggit Women Sprinkle Taj Purple Wallet,http://assets.myntassets.com/v1/images/style/properties/d3a72008f5ccd4d645879f9b07808c8a_images.jpg,200
366,63d7c05221c499a3844d90b6,Women,Bags,Handbags,Brown,Lino Perros Women Brown Handbag,http://assets.myntassets.com/v1/images/style/properties/94788f67542271185166c967a0ccd97a_images.jpg,200
